tag,niche,datetime
#korean,general,2025-09-18 20:28:23.230202+00:00
#greenqueens,general,2025-09-18 20:28:04.446578+00:00
#summer,general,2025-09-18 20:28:04.446570+00:00
#homegardening,ope,2025-09-18 20:28:04.446563+00:00
#gardenlife,general,2025-09-18 20:28:04.446555+00:00
#gardentotable,general,2025-09-18 20:28:04.446546+00:00
#harvest,general,2025-09-18 20:28:04.446492+00:00
#dogs,general,2025-09-18 20:27:51.271395+00:00
#genius,general,2025-09-18 20:27:51.271387+00:00
#customart,general,2025-09-18 20:27:51.271377+00:00
#teacher,general,2025-09-18 20:27:51.271328+00:00
#artstudio,general,2025-09-18 20:27:36.438027+00:00
#chillvibes,general,2025-09-18 20:27:06.569955+00:00
#kitchentour,general,2025-09-18 20:27:06.569906+00:00
#bespoke,general,2025-09-18 20:26:36.964623+00:00
#london,general,2025-09-18 20:26:36.964534+00:00
#woman,general,2025-09-18 20:26:21.298314+00:00
#wildcamping,general,2025-09-18 20:26:00.876757+00:00
#outdoorsy,ope,2025-09-18 20:26:00.876749+00:00
#adventuretravel,general,2025-09-18 20:26:00.876738+00:00
#hikingtips,general,2025-09-18 20:26:00.876692+00:00
#maynardjameskeenan,general,2025-09-18 20:25:49.486254+00:00
#Good,general,2025-09-18 20:25:49.486243+00:00
#ratchet,power_tools,2025-09-18 20:25:49.486196+00:00
#EcoFriendlyArt,general,2025-09-18 20:25:18.350804+00:00
#woodworker,general,2025-09-18 20:25:18.350799+00:00
#Chair,general,2025-09-18 20:25:18.350737+00:00
#stanley,general,2025-09-18 20:25:18.350732+00:00
#InteriorDesign,general,2025-09-18 20:25:18.350723+00:00
#custommade,general,2025-09-18 20:25:18.350682+00:00
#drewdirksen,general,2025-09-18 20:24:46.959234+00:00
#perfectyard,general,2025-09-18 20:24:15.358942+00:00
#beginninggardener,general,2025-09-18 20:24:15.358938+00:00
#landowner,general,2025-09-18 20:24:15.358934+00:00
#workoutmotivation,general,2025-09-18 20:24:15.358929+00:00
#theboys,general,2025-09-18 20:24:15.358915+00:00
#jardineria,general,2025-09-18 20:24:15.358816+00:00
#beast,general,2025-09-18 20:23:51.209313+00:00
#florida,general,2025-09-18 20:23:51.209263+00:00
#gadgets,general,2025-09-18 20:23:16.508088+00:00
#worklife,general,2025-09-18 20:23:16.507770+00:00
#woodworking,power_tools,2025-09-18 08:28:20.468576+00:00
#homeimprovment,general,2025-09-17 20:26:47.340872+00:00
#grow,general,2025-09-17 20:26:30.908644+00:00
#HandmadeShelves,general,2025-09-17 20:26:07.418069+00:00
#homebuilding,general,2025-09-17 20:25:53.516012+00:00
#SmartWoodworking,power_tools,2025-09-17 20:25:05.226379+00:00
#woodcarving,general,2025-09-17 20:25:05.226360+00:00
#MillingWood,general,2025-09-17 20:25:05.226178+00:00
#furnitures,general,2025-09-17 20:23:51.955026+00:00
#designhack,general,2025-09-17 20:23:51.954979+00:00
#cabin,general,2025-09-17 20:23:13.193843+00:00
#blue,general,2025-09-17 20:23:13.193645+00:00
#crafttok,general,2025-09-17 12:43:51.130365+00:00
#idea,general,2025-09-17 12:43:51.130178+00:00
#homestyling,general,2025-09-17 12:42:52.986232+00:00
#designhouse,general,2025-09-17 12:42:52.986208+00:00
#houstonrealtor,general,2025-09-17 12:42:52.986115+00:00
#woodmaster,general,2025-09-17 12:42:38.874009+00:00
#worker,general,2025-09-17 12:42:16.136638+00:00
#satisfyingvideo,general,2025-09-17 12:42:16.136634+00:00
#brick,general,2025-09-17 12:42:16.136630+00:00
#new,general,2025-09-17 12:42:16.136625+00:00
#content,general,2025-09-17 12:42:16.136614+00:00
#propainters,general,2025-09-17 12:42:16.136552+00:00
#concrete,general,2025-09-17 12:42:16.136504+00:00
#education,general,2025-09-17 12:42:01.560746+00:00
#3DPrintHacks,general,2025-09-17 12:42:01.560535+00:00
#theelderswantahashtagtooü¶©,general,2025-09-17 12:41:03.090883+00:00
#appliances,general,2025-09-17 08:28:04.623747+00:00
#davidgoggins,general,2025-09-17 01:25:56.848219+00:00
#makeover,general,2025-09-17 01:25:56.848215+00:00
#bracelet,general,2025-09-17 01:25:56.848208+00:00
#1millionviews,general,2025-09-17 01:25:56.848203+00:00
#oklahoma,general,2025-09-17 01:25:56.848193+00:00
#blessings,general,2025-09-17 01:25:56.848179+00:00
#echo,ope,2025-09-17 01:25:56.848066+00:00
#innovation,general,2025-09-17 01:25:42.333453+00:00
#stem,general,2025-09-17 01:25:05.139336+00:00
#karanicoleclark,general,2025-09-17 01:24:54.693957+00:00
#bricklayer,general,2025-09-17 01:24:20.905299+00:00
#pine,general,2025-09-17 01:24:05.270541+00:00
#gardenbed,general,2025-09-17 01:23:22.657821+00:00
#how,general,2025-09-17 01:23:11.248588+00:00
#concretecountertop,general,2025-09-17 01:23:11.248584+00:00
#tool,general,2025-09-17 01:23:11.248573+00:00
#homedemo,general,2025-09-17 01:23:11.248569+00:00
#HandmadeHome,general,2025-09-17 01:23:11.248565+00:00
#HomeImprovement,power_tools,2025-09-17 01:23:11.248552+00:00
#hamptons,general,2025-09-17 01:23:11.248547+00:00
#maximalism,general,2025-09-17 01:23:11.248534+00:00
#homehacks,general,2025-09-17 01:23:11.248255+00:00
#renovation,power_tools,2025-09-16 16:30:28.424573+00:00
#carpinter√≠a,general,2025-09-16 16:30:10.020979+00:00
#generativeart,general,2025-09-16 16:29:05.449314+00:00
#betterbusinessbureau,general,2025-09-16 16:28:37.521814+00:00
#friday,general,2025-09-16 16:28:27.226693+00:00
#crafttiktok,general,2025-09-16 16:27:16.989650+00:00
#wow,general,2025-09-16 16:27:16.989598+00:00
#custom,general,2025-09-16 16:27:16.989591+00:00
#joint,general,2025-09-16 16:27:16.989582+00:00
#joinery,general,2025-09-16 16:27:16.989537+00:00
#1899,general,2025-09-16 16:26:55.056555+00:00
#homeinspo,general,2025-09-16 16:26:55.056463+00:00
#electric,power_tools,2025-09-16 16:26:42.088613+00:00
#design,general,2025-09-16 16:26:33.573111+00:00
#maker,general,2025-09-16 12:44:33.218182+00:00
#landscape,general,2025-09-16 12:44:26.156818+00:00
#satisfyingmow,general,2025-09-16 12:44:26.156803+00:00
#neighbors,general,2025-09-16 12:44:26.156553+00:00
#musthave,general,2025-09-16 12:44:02.228640+00:00
#handytools,general,2025-09-16 12:44:02.228534+00:00
#cookinghacks,general,2025-09-16 12:43:45.918901+00:00
#landscaping,ope,2025-09-16 12:43:11.208326+00:00
#working,general,2025-09-16 12:42:29.371238+00:00
#core,general,2025-09-16 12:42:29.371227+00:00
#frames,general,2025-09-16 12:42:29.371181+00:00
#couple,general,2025-09-16 12:42:05.970745+00:00
#hottent,general,2025-09-16 12:41:51.772115+00:00
#cooking,general,2025-09-16 12:41:51.772111+00:00
#outdooradventures,ope,2025-09-16 12:41:51.772107+00:00
#beautiful,general,2025-09-16 12:41:51.772096+00:00
#washington,general,2025-09-16 12:41:51.772084+00:00
#holiday,general,2025-09-16 12:41:51.772079+00:00
#outdoorgear,ope,2025-09-16 12:41:51.772067+00:00
#outdoorlife,ope,2025-09-16 12:41:51.771852+00:00
#build,general,2025-09-16 12:41:41.197928+00:00
#goodtool,general,2025-09-16 12:41:26.887239+00:00
#hometool,general,2025-09-16 12:41:26.887191+00:00
#newoven,appliances,2025-09-16 12:41:12.484961+00:00
#tips,general,2025-09-16 08:37:08.326926+00:00
#w,general,2025-09-16 08:37:08.326918+00:00
#sculpture,general,2025-09-16 08:37:08.326899+00:00
#usatiktoküá∫üá∏,general,2025-09-16 08:37:08.326883+00:00
#trimmer,general,2025-09-16 08:37:08.326575+00:00
#thatlawndude,general,2025-09-15 20:28:37.364527+00:00
#rickross,general,2025-09-15 20:28:37.364516+00:00
#edge,general,2025-09-15 20:28:37.364512+00:00
#clean,general,2025-09-15 20:28:37.364508+00:00
#golf,general,2025-09-15 20:28:37.364503+00:00
#cleaning,general,2025-09-15 20:28:37.364491+00:00
#HomeownerHacks,general,2025-09-15 20:28:37.364266+00:00
#solohiker,general,2025-09-15 20:27:28.088169+00:00
#masteringmayhem,general,2025-09-15 20:27:16.310193+00:00
#reviews,general,2025-09-15 20:27:16.309958+00:00
#homeimprovement,power_tools,2025-09-15 20:27:03.158809+00:00
#legocity,general,2025-09-15 20:26:42.038659+00:00
#netherportal,general,2025-09-15 20:26:42.038612+00:00
#hardwood,general,2025-09-15 20:26:28.952969+00:00
#decorhome,general,2025-09-15 20:26:28.952923+00:00
#ag,general,2025-09-15 20:25:58.830609+00:00
#consistency,general,2025-09-15 20:25:44.195628+00:00
#VitaKari,general,2025-09-15 20:25:44.195521+00:00
#kitchens,general,2025-09-15 20:25:31.484295+00:00
#ge,general,2025-09-15 20:25:31.484290+00:00
#gecafe,general,2025-09-15 20:25:31.484272+00:00
#gadget,general,2025-09-15 20:25:31.484251+00:00
#toronto,ope,2025-09-15 20:25:31.484014+00:00
#ideas,general,2025-09-15 20:24:59.539096+00:00
#update,general,2025-09-15 20:24:59.539049+00:00
#satisfyingwoodworking,power_tools,2025-09-15 20:24:46.104334+00:00
#handmadecraft,general,2025-09-15 20:24:46.104329+00:00
#traditional,general,2025-09-15 20:24:46.104322+00:00
#woodcrafts,general,2025-09-15 20:24:46.104280+00:00
#tropicalvibes,general,2025-09-15 20:24:31.583596+00:00
#landscaper,general,2025-09-15 20:24:31.583525+00:00
#boxwood,general,2025-09-15 20:24:31.583518+00:00
#backyardgarden,general,2025-09-15 20:24:31.583508+00:00
#goldcypressmop,general,2025-09-15 20:24:31.583460+00:00
#tutorial,general,2025-09-15 20:24:18.141973+00:00
#apprentices,general,2025-09-15 20:24:18.141959+00:00
#crafters,general,2025-09-15 20:24:18.141644+00:00
#construction,power_tools,2025-09-15 16:29:56.940816+00:00
#lifestyle,general,2025-09-15 16:29:38.988947+00:00
#housebuilding,general,2025-09-15 16:29:23.714456+00:00
#homeimprovements,power_tools,2025-09-15 16:28:35.733488+00:00
#bloom,general,2025-09-15 16:27:55.827461+00:00
#wildbuilding,general,2025-09-15 16:27:55.827369+00:00
#aesthetic,general,2025-09-15 16:27:43.466474+00:00
#kitchen,general,2025-09-15 16:27:12.882113+00:00
#support,general,2025-09-15 16:27:06.052488+00:00
#hardware,general,2025-09-15 16:27:06.052484+00:00
#buy,general,2025-09-15 16:27:06.052481+00:00
#ryobi,power_tools,2025-09-15 16:27:06.052477+00:00
#perfect,general,2025-09-15 16:27:06.052474+00:00
#rich,general,2025-09-15 16:27:06.052470+00:00
#giftforhim,general,2025-09-15 16:27:06.052462+00:00
#3,general,2025-09-15 16:27:06.052455+00:00
#woodwork,general,2025-09-15 16:27:06.052449+00:00
#greenscreen,general,2025-09-15 16:27:06.052442+00:00
#class,general,2025-09-15 16:27:06.052436+00:00
#goodthing,general,2025-09-15 16:27:06.052430+00:00
#toolant,general,2025-09-15 16:27:06.052424+00:00
#woodworkingshop,power_tools,2025-09-15 16:27:06.052417+00:00
#household,general,2025-09-15 16:27:06.052411+00:00
#independent,general,2025-09-15 16:27:06.052405+00:00
#craftsman,power_tools,2025-09-15 16:27:06.052395+00:00
#simple,general,2025-09-15 16:27:06.052370+00:00
#electrician,power_tools,2025-09-15 16:27:06.052115+00:00
#greenbeans,general,2025-09-15 16:26:37.518790+00:00
#sonicice,general,2025-09-15 16:26:27.827444+00:00
#crafter,general,2025-09-15 16:26:27.827437+00:00
#poscapartner,general,2025-09-15 16:26:27.827429+00:00
#craft,general,2025-09-15 16:26:27.827421+00:00
#icemaker,appliances,2025-09-15 16:26:27.827411+00:00
#dog,general,2025-09-15 16:26:27.827364+00:00
#motivational,general,2025-09-15 16:26:07.520196+00:00
#LandscapeContractor,general,2025-09-15 16:26:07.520190+00:00
#gardening,ope,2025-09-15 16:26:07.520184+00:00
#newhampshire,general,2025-09-15 16:26:07.520174+00:00
#garden,general,2025-09-15 16:26:07.520127+00:00
#lawntips,general,2025-09-15 16:26:07.519915+00:00
#interiors,general,2025-09-15 12:44:39.706507+00:00
#remodel,general,2025-09-15 12:44:39.706501+00:00
#lighting,general,2025-09-15 12:44:39.706481+00:00
#house,general,2025-09-15 12:44:39.706269+00:00
#landscapers,general,2025-09-15 12:44:08.414723+00:00
#water,general,2025-09-15 12:43:58.924249+00:00
#seasons,general,2025-09-15 12:43:58.924245+00:00
#Hiking,general,2025-09-15 12:43:58.924232+00:00
#yosemite,general,2025-09-15 12:43:58.924227+00:00
#wintercamping,general,2025-09-15 12:43:58.924216+00:00
#spot,general,2025-09-15 12:43:58.924011+00:00
#tools,general,2025-09-15 12:43:47.806473+00:00
#f,general,2025-09-15 12:43:02.329044+00:00
#planting,general,2025-09-15 12:42:46.840339+00:00
#floridagardens,general,2025-09-15 12:42:46.840335+00:00
#flowers,general,2025-09-15 12:42:46.840332+00:00
#vegetables,general,2025-09-15 12:42:46.840328+00:00
#farming,general,2025-09-15 12:42:46.840324+00:00
#gardening101,ope,2025-09-15 12:42:46.840320+00:00
#gardentools,general,2025-09-15 12:42:46.840306+00:00
#virginiagardner,general,2025-09-15 12:42:46.840294+00:00
#produce,general,2025-09-15 12:42:46.840087+00:00
#lawncare,ope,2025-09-15 12:42:36.939327+00:00
#ford,general,2025-09-15 12:41:29.852299+00:00
#decor,general,2025-09-15 12:41:29.851949+00:00
#quebecois,general,2025-09-15 12:41:02.224364+00:00
#generalcontractor,general,2025-09-15 03:36:05.085823+00:00
#grandir,general,2025-09-15 03:35:56.022668+00:00
#staircase,general,2025-09-15 03:35:56.022668+00:00
#handmadeclothes,general,2025-09-15 03:35:56.022668+00:00
#ForYou,general,2025-09-15 03:35:44.496985+00:00
#landscapelighting,general,2025-09-15 03:35:44.496985+00:00
#goodjob,general,2025-09-15 03:35:44.496985+00:00
#lovers,general,2025-09-15 03:35:44.496985+00:00
#milwaukeetools,general,2025-09-15 03:35:44.496985+00:00
#feelings,general,2025-09-15 03:35:35.012486+00:00
#staycurious,general,2025-09-15 03:35:35.011488+00:00
#funkyart,general,2025-09-15 03:35:35.011488+00:00
#Creativity,general,2025-09-15 03:35:35.011488+00:00
#CreativeExpression,general,2025-09-15 03:35:35.011488+00:00
#marker,general,2025-09-15 03:35:35.011488+00:00
#creators,general,2025-09-15 03:35:35.011488+00:00
#advice,general,2025-09-15 03:35:35.011488+00:00
#marvelcomics,general,2025-09-15 03:35:26.324574+00:00
#reed,general,2025-09-15 03:35:26.324574+00:00
#ultimatefantasticfour,general,2025-09-15 03:35:26.324574+00:00
#braceletmaker,general,2025-09-15 03:35:26.324574+00:00
#mountains,general,2025-09-15 03:34:52.389723+00:00
#solotravel,general,2025-09-15 03:34:52.389723+00:00
#alaska,general,2025-09-15 03:34:52.389723+00:00
#coffee,general,2025-09-15 03:34:44.266297+00:00
#marvonovo,general,2025-09-15 03:34:25.881487+00:00
#cleantok,general,2025-09-15 03:34:25.881487+00:00
#chinese,general,2025-09-15 03:34:25.881487+00:00
#money,general,2025-09-15 03:34:25.881487+00:00
#lifehack,general,2025-09-15 03:34:25.881487+00:00
#hometok,general,2025-09-15 03:34:25.881487+00:00
#office,general,2025-09-15 03:34:25.881487+00:00
#housetour,general,2025-09-15 03:34:25.881487+00:00
#designtok,general,2025-09-15 03:34:25.881487+00:00
#smart,general,2025-09-15 03:34:25.881487+00:00
#shop,general,2025-09-15 03:34:25.881487+00:00
#homestead,general,2025-09-15 03:34:25.881487+00:00
#smartdecor,general,2025-09-15 03:34:25.881487+00:00
#Woodwork,general,2025-09-15 03:34:00.118012+00:00
#Creative,general,2025-09-15 03:34:00.117007+00:00
#lawnmower,ope,2025-09-15 03:33:28.226485+00:00
#chevy,general,2025-09-15 03:33:28.226485+00:00
#country,general,2025-09-15 03:33:28.226485+00:00
#goals,general,2025-09-15 03:33:28.226485+00:00
#xy,general,2025-09-15 03:33:28.226485+00:00
#boosted,general,2025-09-15 03:33:28.226485+00:00
#SuperBowlLV,general,2025-09-15 03:33:18.036760+00:00
#sydneybuilder,general,2025-09-15 03:33:18.036760+00:00
#architecture,general,2025-09-15 03:33:18.036760+00:00
#experiment,general,2025-09-15 03:33:10.133424+00:00
#roofer,general,2025-09-15 03:33:10.133424+00:00
#powertools,general,2025-09-15 03:33:10.133424+00:00
#wrench,power_tools,2025-09-15 03:33:10.133424+00:00
#powertool,general,2025-09-15 03:33:10.133424+00:00
#milwaukee,general,2025-09-15 03:33:10.133424+00:00
#outdoors,ope,2025-09-15 03:33:10.133424+00:00
#WoodShelves,general,2025-09-15 03:03:48.926184+00:00
#sheetmetal,general,2025-09-15 03:02:51.393539+00:00
#homedepot,general,2025-09-15 03:02:51.393539+00:00
#trades,general,2025-09-15 03:02:51.393539+00:00
#cutting,general,2025-09-15 03:02:51.393539+00:00
#powertools101,general,2025-09-15 03:02:51.393539+00:00
#torquewrench,power_tools,2025-09-15 03:02:51.393539+00:00
#cooltools,general,2025-09-15 03:02:51.391038+00:00
#creativity,general,2025-09-15 03:02:37.406217+00:00
#GrassCare,general,2025-09-15 03:02:30.806104+00:00
#smarthometechnology,appliances,2025-09-15 03:02:23.474266+00:00
#tradition,general,2025-09-15 03:02:16.159979+00:00
#–ø–æ–≤–æ—Ä–æ—Ç–Ω–∞—è–ø–µ—Ä–µ–≥–æ—Ä–æ–¥–∫–∞,general,2025-09-15 03:02:16.159979+00:00
#satisfyingart,general,2025-09-15 03:02:16.159979+00:00
#Design,general,2025-09-15 03:02:16.159979+00:00
#carpenter,general,2025-09-15 03:02:16.159979+00:00
#1x6x8,general,2025-09-15 03:02:16.159979+00:00
#woodworkingcommunity,power_tools,2025-09-15 03:02:16.159979+00:00
#router,power_tools,2025-09-15 03:02:16.159979+00:00
#diy,power_tools,2025-09-15 03:02:16.159979+00:00
#jesussaves,general,2025-09-15 03:02:16.159979+00:00
#woodbending,general,2025-09-15 03:02:16.159979+00:00
#EfficientWoodworking,power_tools,2025-09-15 03:02:16.159979+00:00
#plane,general,2025-09-15 03:02:16.159979+00:00
#2819,general,2025-09-15 03:02:16.159979+00:00
#woodworkforall,general,2025-09-15 03:02:16.159979+00:00
#artist,general,2025-09-15 03:02:16.157478+00:00
